event_date,event_timestamp,event_name,user_pseudo_id,device_category,device_os,page_location
20250223,1.74E+15,form_submit,339.572.387,mobile,Windows,https://smileguru.com
20250223,1.74E+15,form_submit,,tablet,Linux,https://smileguru.com/contact
20250223,1.74E+15,form_submit,893.663.600,,,https://smileguru.com/orthodontics
20250223,invalid_timestamp,page_view,862.730.629,desktop,Android,https://smileguru.com/about
20250223,1.74E+15,page_view,760.233.165,desktop,Windows,https://smileguru.com/about
20250223,1.74E+15,page_view,760.233.165,desktop,Windows,https://smileguru.com/about
20250223,1.74E+15,page_view,842.980.637,desktop,Android,https://smileguru.com/teeth-whitening
20250223,1.74E+15,form_submit,734.526.177,smartwatch,Android,https://smileguru.com/home
20250223,1.74E+15,page_view,505.398.716,mobile,Windows,https://smileguru.com/about
20250223,1.74E+15,,708.566.257,tablet,Android,
20250223,1.74E+15,form_submit,242.484.760,mobile,iOS,https://smileguru.com/about-us
20250223,invalid_timestamp,form_submit,180.649.587,mobile,Windows,https://smileguru.com/dental-implants
20250223,1.74E+15,form_submit,744.833.376,tablet,Linux,https://smileguru.com/emergency-dental
20250223,1.74E+15,form_submit,744.833.376,tablet,Linux,https://smileguru.com/emergency-dental
20250223,1.74E+15,scroll,272.963.902,tablet,Windows,https://smileguru.com/index
,1.74E+15,scroll,217.112.547,tablet,iOS,https://smileguru.com/teeth-whitening
20250223,1.74E+15,form_submit,582.406.302,mobile,iOS,https://smileguru.com/about-us
20250223,1.74E+15,scroll,189.279.843,desktop,Windows,
20250223,1.74E+15,form_submit,254.258.393,tablet,Android,https://smileguru.com/contact
20250223,1.74E+15,,461.474.184,tablet,Android,https://smileguru.com/orthodontics
20250223,1.74E+15,scroll,889.328.367,,,https://smileguru.com/dental-implants
20250223,1.74E+15,scroll,639.807.978,mobile,,https://smileguru.com/dental-implants
20250223,1.74E+15,page_view,,tablet,Android,https://smileguru.com/contact
20250223,1.74E+15,page_view,131.557.950,desktop,Windows,https://smileguru.com/index
20250223,1.74E+15,scroll,633.314.329,mobile,Windows,https://smileguru.com/contact
20250223,1.74E+15,form_submit,520.635.879,desktop,,
20250223,1.74E+15,click,635.162.254,smartwatch,Windows,https://smileguru.com/about-us
20250223,1.74E+15,click,717.774.268,tablet,iOS,https://smileguru.com/home
20250223,1.74E+15,page_view,856.782.213,mobile,iOS,https://smileguru.com/teeth-whitening
20250223,1.74E+15,scroll,172.358.685,mobile,Android,https://smileguru.com/contact
20250223,1.74E+15,scroll,172.358.685,mobile,Android,https://smileguru.com/contact
20250223,1.74E+15,form_submit,119.942.236,mobile,Windows,https://smileguru.com/teeth-whitening
20250223,1.74E+15,scroll,670.700.892,tablet,iOS,https://smileguru.com/about
20250223,1.74E+15,click,158.151.418,,Windows,https://smileguru.com/about
20250223,1.74E+15,click,201.673.920,desktop,Windows,https://smileguru.com/teeth-whitening
20250223,1.74E+15,click,184.440.721,desktop,Android,https://smileguru.com/home
,1.74E+15,click,548.854.689,,iOS,https://smileguru.com/home
20250223,1.74E+15,click,785.229.638,tablet,iOS,https://smileguru.com/about
20250223,1.74E+15,form_submit,722.535.431,tablet,Windows,https://smileguru.com/about-us
20250223,1.74E+15,scroll,102.511.614,mobile,Windows,https://smileguru.com/root-canal
20250223,1.74E+15,form_submit,572.112.474,tablet,Windows,https://smileguru.com/contact
20250223,1.74E+15,form_submit,233.659.486,mobile,Windows,https://smileguru.com/about-us
20250223,1.74E+15,form_submit,927.303.416,tablet,iOS,https://smileguru.com/teeth-whitening
20250223,1.74E+15,page_view,883.165.111,mobile,iOS,https://smileguru.com/cosmetic-dentistry
20250223,1.74E+15,scroll,931.155.994,mobile,iOS,https://smileguru.com/index
20250223,1.74E+15,page_view,929.733.837,desktop,,https://smileguru.com/home
20250223,1.74E+15,scroll,256.866.596,mobile,Windows,https://smileguru.com/orthodontics
20250223,invalid_timestamp,,642.923.380,desktop,,https://smileguru.com/emergency-dental
20250223,1.74E+15,scroll,,mobile,Windows,
20250223,invalid_timestamp,,800.507.966,desktop,Android,https://smileguru.com/dental-implants
20250223,1.74E+15,page_view,557.786.614,,iOS,https://smileguru.com/orthodontics
20250223,1.74E+15,form_submit,114.569.874,desktop,Windows,https://smileguru.com/emergency-dental
20250223,1.74E+15,click,682.910.502,tablet,iOS,https://smileguru.com/teeth-whitening
20250223,1.74E+15,scroll,123.368.665,desktop,Windows,https://smileguru.com/root-canal
20250223,1.74E+15,page_view,616.666.495,desktop,Android,https://smileguru.com/dental-implants
20250223,1.74E+15,form_submit,191.172.749,,iOS,https://smileguru.com/teeth-whitening
20250223,1.74E+15,scroll,913.284.270,tablet,Android,https://smileguru.com/home
20250223,1.74E+15,scroll,834.750.495,mobile,Windows,https://smileguru.com/emergency-dental
20250223,1.74E+15,page_view,953.232.946,tablet,iOS,https://smileguru.com/root-canal
20250223,1.74E+15,scroll,305.410.285,desktop,Android,https://smileguru.com/teeth-whitening
20250223,1.74E+15,,,mobile,iOS,https://smileguru.com/orthodontics
20250223,1.74E+15,click,129.819.362,,Android,https://smileguru.com/contact
20250223,1.74E+15,scroll,170.852.325,mobile,Windows,https://smileguru.com/emergency-dental
20250223,1.74E+15,page_view,821.586.285,mobile,Android,https://smileguru.com/teeth-whitening
20250223,1.74E+15,scroll,991.775.747,tablet,,https://smileguru.com/about-us
20250223,invalid_timestamp,click,163.808.733,desktop,Android,https://smileguru.com/contact
20250223,1.74E+15,scroll,589.776.207,tablet,iOS,https://smileguru.com/root-canal
20250223,1.74E+15,page_view,,tablet,Android,
20250223,1.74E+15,form_submit,980.445.826,tablet,Android,https://smileguru.com/home
20250223,1.74E+15,scroll,957.146.858,desktop,Windows,https://smileguru.com/root-canal
20250223,1.74E+15,click,237.520.926,tablet,Android,https://smileguru.com/about-us
20250223,1.74E+15,page_view,,mobile,Windows,https://smileguru.com/teeth-whitening
20250223,1.74E+15,form_submit,376.327.120,mobile,Windows,https://smileguru.com/about-us
20250223,1.74E+15,page_view,148.781.582,,Windows,https://smileguru.com/orthodontics
20250223,1.74E+15,scroll,113.379.265,desktop,Windows,https://smileguru.com/emergency-dental
20250223,1.74E+15,,272.524.443,,Windows,https://smileguru.com/dental-implants
,1.74E+15,click,777.625.272,tablet,iOS,https://smileguru.com/root-canal
20250223,1.74E+15,page_view,423.150.290,,Windows,https://smileguru.com/about-us
20250223,invalid_timestamp,form_submit,784.741.199,,Android,https://smileguru.com/dental-implants
20250223,1.74E+15,page_view,656.423.990,tablet,Windows,https://smileguru.com/dental-implants
20250223,1.74E+15,form_submit,259.862.524,mobile,Android,https://smileguru.com/teeth-whitening
20250223,1.74E+15,click,724.602.365,desktop,Android,https://smileguru.com/index
20250223,1.74E+15,,524.371.864,tablet,Android,https://smileguru.com/emergency-dental
,1.74E+15,click,116.831.417,mobile,Windows,
20250223,1.74E+15,scroll,532.480.216,mobile,Windows,https://smileguru.com/orthodontics
20250223,1.74E+15,page_view,893.249.635,desktop,iOS,https://smileguru.com/root-canal
20250223,1.74E+15,click,,tablet,Windows,
20250223,1.74E+15,click,646.275.858,mobile,Android,https://smileguru.com/orthodontics
20250223,invalid_timestamp,scroll,511.626.305,tablet,iOS,
20250223,1.74E+15,click,507.150.622,desktop,Android,https://smileguru.com/dental-implants
20250223,invalid_timestamp,scroll,399.464.684,mobile,Windows,https://smileguru.com/dental-implants
20250223,1.74E+15,page_view,453.787.462,desktop,Android,https://smileguru.com/index
20250223,1.74E+15,page_view,436.569.825,mobile,Windows,https://smileguru.com/dental-implants
20250223,1.74E+15,form_submit,465.729.719,mobile,iOS,https://smileguru.com/dental-implants
20250223,1.74E+15,scroll,378.154.840,tablet,Android,https://smileguru.com/index
,1.74E+15,page_view,331.837.523,tablet,Linux,https://smileguru.com/root-canal
20250223,1.74E+15,form_submit,132.801.426,desktop,Linux,https://smileguru.com/contact
20250223,1.74E+15,click,136.168.148,smartwatch,Windows,https://smileguru.com/emergency-dental
,1.74E+15,page_view,604.701.814,desktop,,
20250223,1.74E+15,,570.554.950,tablet,Windows,https://smileguru.com/about
20250223,1.74E+15,,570.554.950,tablet,Windows,https://smileguru.com/about
20250223,1.74E+15,page_view,258.380.648,mobile,iOS,
20250223,1.74E+15,click,999.494.507,mobile,Android,https://smileguru.com
20250223,1.74E+15,,511.889.328,,iOS,https://smileguru.com/teeth-whitening
20250223,1.74E+15,click,992.535.744,tablet,Linux,https://smileguru.com/teeth-whitening
20250223,1.74E+15,scroll,394.155.768,tablet,iOS,https://smileguru.com/home
20250223,1.74E+15,scroll,108.965.319,tablet,Windows,https://smileguru.com/home
20250223,1.74E+15,form_submit,869.853.838,smartwatch,iOS,
20250223,1.74E+15,form_submit,869.853.838,smartwatch,iOS,
20250223,1.74E+15,scroll,789.798.839,mobile,Windows,https://smileguru.com/orthodontics
20250223,1.74E+15,click,787.542.382,tablet,Windows,
20250223,1.74E+15,form_submit,353.910.439,tablet,iOS,https://smileguru.com/emergency-dental
20250223,1.74E+15,scroll,524.701.285,mobile,Android,
20250223,1.74E+15,click,446.998.850,,iOS,https://smileguru.com/dental-implants
20250223,1.74E+15,scroll,,mobile,Windows,
20250223,1.74E+15,scroll,,mobile,Windows,
,1.74E+15,,519.304.491,desktop,Android,https://smileguru.com/about
20250223,1.74E+15,click,367.149.976,desktop,iOS,https://smileguru.com/home
,1.74E+15,page_view,801.839.603,desktop,iOS,https://smileguru.com/emergency-dental
20250223,1.74E+15,form_submit,,tablet,Linux,https://smileguru.com/dental-implants
20250223,1.74E+15,page_view,724.304.732,tablet,Windows,https://smileguru.com/dental-implants
,1.74E+15,page_view,574.279.644,mobile,Windows,https://smileguru.com/root-canal
20250223,1.74E+15,,692.142.540,desktop,Android,https://smileguru.com/root-canal
20250223,1.74E+15,scroll,902.468.899,tablet,iOS,https://smileguru.com/contact
20250223,1.74E+15,click,921.328.546,smartwatch,iOS,https://smileguru.com/emergency-dental
20250223,1.74E+15,click,116.811.950,mobile,Windows,https://smileguru.com
,1.74E+15,form_submit,605.689.199,desktop,iOS,https://smileguru.com/teeth-whitening
20250223,invalid_timestamp,page_view,414.989.578,desktop,Android,https://smileguru.com/about
,1.74E+15,form_submit,103.827.163,tablet,iOS,https://smileguru.com/about-us
20250223,1.74E+15,,546.389.165,desktop,Android,https://smileguru.com/cosmetic-dentistry
20250223,1.74E+15,form_submit,403.684.291,desktop,iOS,https://smileguru.com/orthodontics
20250223,1.74E+15,form_submit,737.139.828,desktop,Android,https://smileguru.com/root-canal
20250223,1.74E+15,form_submit,137.717.357,mobile,Windows,https://smileguru.com/about-us
20250223,1.74E+15,click,699.655.619,desktop,Android,https://smileguru.com/teeth-whitening
20250223,1.74E+15,click,773.966.197,mobile,Android,https://smileguru.com/home
20250223,1.74E+15,page_view,835.727.201,mobile,iOS,https://smileguru.com/root-canal
20250223,1.74E+15,scroll,624.280.461,tablet,Windows,https://smileguru.com/orthodontics
20250223,1.74E+15,form_submit,705.724.619,mobile,Windows,https://smileguru.com/cosmetic-dentistry
20250223,1.74E+15,form_submit,263.363.831,,Android,https://smileguru.com/contact
,1.74E+15,click,366.408.595,desktop,iOS,https://smileguru.com/orthodontics
,1.74E+15,click,366.408.595,desktop,iOS,https://smileguru.com/orthodontics
20250223,invalid_timestamp,page_view,499.851.709,tablet,Android,https://smileguru.com/contact
20250223,1.74E+15,click,322.898.361,,Android,https://smileguru.com/orthodontics
20250223,1.74E+15,scroll,920.735.421,,iOS,https://smileguru.com/about
20250223,1.74E+15,,,tablet,iOS,https://smileguru.com/dental-implants
20250223,invalid_timestamp,click,256.684.497,tablet,iOS,https://smileguru.com/home
20250223,1.74E+15,page_view,205.106.516,tablet,Linux,https://smileguru.com/dental-implants
20250223,1.74E+15,click,190.920.460,desktop,Android,
20250223,1.74E+15,click,190.920.460,desktop,Android,
20250223,1.74E+15,,469.616.346,smartwatch,iOS,https://smileguru.com/contact
20250223,1.74E+15,scroll,995.678.879,tablet,Android,https://smileguru.com/emergency-dental
20250223,1.74E+15,form_submit,917.468.109,desktop,Android,
20250223,1.74E+15,click,331.501.934,mobile,Windows,https://smileguru.com/index
20250223,1.74E+15,form_submit,447.237.327,mobile,iOS,https://smileguru.com/teeth-whitening
20250223,1.74E+15,form_submit,447.237.327,mobile,iOS,https://smileguru.com/teeth-whitening
20250223,1.74E+15,,927.247.402,desktop,Android,
20250223,1.74E+15,scroll,409.192.312,mobile,Windows,https://smileguru.com/orthodontics
20250223,1.74E+15,scroll,913.736.774,,Android,https://smileguru.com/home
20250223,1.74E+15,click,324.696.647,desktop,Windows,https://smileguru.com/home
20250223,1.74E+15,page_view,223.233.274,desktop,Android,https://smileguru.com/about-us
20250223,1.74E+15,,679.430.128,desktop,Windows,https://smileguru.com/root-canal
20250223,1.74E+15,scroll,145.616.542,tablet,,https://smileguru.com/cosmetic-dentistry
20250223,1.74E+15,scroll,145.616.542,tablet,,https://smileguru.com/cosmetic-dentistry
20250223,1.74E+15,click,,mobile,Windows,
20250223,1.74E+15,click,,desktop,iOS,https://smileguru.com/emergency-dental
20250223,1.74E+15,form_submit,781.829.619,mobile,,https://smileguru.com/teeth-whitening
,1.74E+15,click,190.755.772,desktop,Windows,https://smileguru.com/home
20250223,1.77E+15,scroll,403.661.235,mobile,Android,https://smileguru.com
20250223,1.74E+15,page_view,612.560.574,tablet,iOS,https://smileguru.com/emergency-dental
20250223,1.74E+15,page_view,612.560.574,tablet,iOS,https://smileguru.com/emergency-dental
,1.74E+15,scroll,716.123.913,mobile,iOS,
20250223,1.74E+15,,877.796.878,desktop,iOS,https://smileguru.com/home
,1.74E+15,click,640.124.271,desktop,Android,https://smileguru.com/about
20250223,1.74E+15,page_view,411.257.909,,,https://smileguru.com/index
,1.74E+15,click,375.823.209,mobile,Linux,https://smileguru.com/emergency-dental
20250223,invalid_timestamp,scroll,,desktop,Linux,https://smileguru.com/teeth-whitening
20250223,1.74E+15,form_submit,243.171.511,desktop,Android,https://smileguru.com/root-canal
20250223,1.74E+15,click,412.346.284,desktop,iOS,https://smileguru.com/index
20250223,1.74E+15,form_submit,945.549.108,mobile,iOS,https://smileguru.com/dental-implants
,invalid_timestamp,form_submit,312.183.643,tablet,Android,https://smileguru.com/root-canal
20250223,1.74E+15,click,795.431.106,mobile,Android,https://smileguru.com/dental-implants
,1.74E+15,page_view,971.529.740,desktop,Android,https://smileguru.com/home
,1.74E+15,click,717.782.935,tablet,Windows,https://smileguru.com/emergency-dental
20250223,1.74E+15,form_submit,661.678.165,tablet,Android,https://smileguru.com/cosmetic-dentistry
20250223,1.74E+15,click,345.175.446,tablet,iOS,https://smileguru.com/about
20250223,1.74E+15,page_view,555.697.460,tablet,iOS,https://smileguru.com/teeth-whitening
20250223,1.74E+15,scroll,800.859.714,desktop,iOS,https://smileguru.com/orthodontics
20250223,1.74E+15,,,tablet,iOS,https://smileguru.com/cosmetic-dentistry
20250223,1.74E+15,form_submit,940.345.651,mobile,iOS,https://smileguru.com/teeth-whitening
20250223,1.74E+15,click,362.412.365,mobile,Android,https://smileguru.com/emergency-dental
20250223,1.74E+15,form_submit,309.444.537,tablet,iOS,https://smileguru.com/contact
20250223,1.74E+15,click,,desktop,Android,https://smileguru.com/emergency-dental
20250223,1.74E+15,click,988.694.450,mobile,iOS,https://smileguru.com/dental-implants
20250223,1.74E+15,click,640.679.104,mobile,Android,https://smileguru.com/root-canal
20250223,1.74E+15,click,,desktop,,https://smileguru.com/root-canal
20250223,1.74E+15,page_view,777.698.971,,iOS,https://smileguru.com/about-us
20250223,invalid_timestamp,page_view,,tablet,,
20250223,1.74E+15,scroll,471.312.726,tablet,Windows,
20250223,1.74E+15,form_submit,353.322.589,,iOS,https://smileguru.com/dental-implants
20250223,1.74E+15,form_submit,385.239.516,mobile,iOS,https://smileguru.com/cosmetic-dentistry
20250223,1.74E+15,scroll,436.805.847,tablet,Windows,https://smileguru.com/about-us
,1.74E+15,scroll,428.109.227,tablet,Android,https://smileguru.com/home
20250223,1.74E+15,form_submit,937.254.332,tablet,iOS,
20250223,1.74E+15,form_submit,146.883.690,desktop,Windows,https://smileguru.com/emergency-dental
20250223,1.74E+15,form_submit,375.800.341,desktop,Android,https://smileguru.com/root-canal
20250223,1.74E+15,form_submit,947.874.101,mobile,Windows,https://smileguru.com/about-us
20250223,1.74E+15,click,563.465.506,tablet,Windows,https://smileguru.com/home
20250223,1.74E+15,scroll,302.260.143,tablet,iOS,https://smileguru.com/about-us
20250223,1.74E+15,click,,mobile,Linux,https://smileguru.com
20250223,1.74E+15,scroll,109.748.566,mobile,Linux,https://smileguru.com/index
20250223,1.74E+15,form_submit,870.588.235,desktop,Windows,https://smileguru.com/dental-implants
20250223,1.74E+15,form_submit,870.588.235,desktop,Windows,https://smileguru.com/dental-implants
20250223,1.74E+15,click,648.796.165,mobile,Android,https://smileguru.com/home
20250223,1.74E+15,scroll,757.538.927,tablet,Android,https://smileguru.com/orthodontics
20250223,1.74E+15,scroll,868.339.186,mobile,Android,
20250223,1.74E+15,click,684.141.768,desktop,Windows,https://smileguru.com/contact
20250223,1.74E+15,form_submit,835.964.868,tablet,Linux,https://smileguru.com/cosmetic-dentistry
20250223,1.74E+15,click,200.984.543,tablet,Android,https://smileguru.com/cosmetic-dentistry
20250223,1.74E+15,form_submit,511.434.122,desktop,iOS,https://smileguru.com/contact
20250223,1.74E+15,form_submit,511.434.122,desktop,iOS,https://smileguru.com/contact
20250223,1.74E+15,scroll,316.988.453,desktop,iOS,https://smileguru.com/orthodontics
20250223,1.74E+15,scroll,157.544.172,mobile,,https://smileguru.com/home
20250223,1.74E+15,form_submit,432.109.647,tablet,Windows,https://smileguru.com/emergency-dental
20250223,1.74E+15,click,978.158.517,desktop,Android,https://smileguru.com/home
20250223,1.74E+15,page_view,130.150.889,smartwatch,Android,https://smileguru.com/teeth-whitening
20250223,1.74E+15,click,634.465.304,tablet,Windows,https://smileguru.com/about
20250223,1.74E+15,scroll,334.600.942,,Windows,https://smileguru.com/root-canal
20250223,1.74E+15,page_view,833.667.637,tablet,Android,https://smileguru.com
20250223,1.74E+15,scroll,665.865.257,desktop,Android,https://smileguru.com/emergency-dental
20250223,1.74E+15,scroll,228.955.625,,,https://smileguru.com/about
,1.74E+15,scroll,780.954.146,mobile,Windows,https://smileguru.com/about-us
,1.74E+15,form_submit,108.856.355,,Android,https://smileguru.com/home
20250223,1.74E+15,click,225.906.793,,Windows,https://smileguru.com/about-us
,1.74E+15,page_view,132.167.291,tablet,,https://smileguru.com/index
20250223,1.74E+15,page_view,560.528.107,tablet,iOS,https://smileguru.com/emergency-dental
20250223,1.74E+15,click,520.717.820,smartwatch,Windows,https://smileguru.com/home
,1.74E+15,form_submit,115.630.652,tablet,Windows,https://smileguru.com/cosmetic-dentistry
,1.74E+15,form_submit,115.630.652,tablet,Windows,https://smileguru.com/cosmetic-dentistry
20250223,1.74E+15,page_view,610.755.714,mobile,Windows,https://smileguru.com/root-canal
,1.74E+15,page_view,256.120.441,mobile,Windows,https://smileguru.com/emergency-dental
20250223,1.74E+15,page_view,210.642.888,desktop,,https://smileguru.com/home
20250223,1.74E+15,scroll,708.532.614,tablet,Windows,https://smileguru.com/orthodontics
20250223,1.74E+15,page_view,607.238.767,,Windows,https://smileguru.com/orthodontics
20250223,1.74E+15,click,844.286.918,tablet,Linux,https://smileguru.com/home
20250223,1.74E+15,form_submit,624.790.300,,,https://smileguru.com/orthodontics
20250223,1.74E+15,page_view,282.314.629,smartwatch,iOS,https://smileguru.com/emergency-dental
20250223,1.74E+15,scroll,481.904.324,,Android,https://smileguru.com/about
20250223,1.74E+15,page_view,470.554.355,,Windows,https://smileguru.com/index
20250223,1.77E+15,form_submit,273.892.867,mobile,Android,https://smileguru.com/teeth-whitening
20250223,1.74E+15,scroll,480.574.839,tablet,Windows,https://smileguru.com/emergency-dental
20250223,1.74E+15,click,705.300.614,tablet,Windows,https://smileguru.com/root-canal
20250223,1.74E+15,page_view,237.260.980,tablet,Windows,
20250223,1.74E+15,form_submit,686.607.145,tablet,iOS,
20250223,1.74E+15,scroll,774.480.558,tablet,Linux,https://smileguru.com
20250223,1.74E+15,click,116.457.521,desktop,Android,https://smileguru.com/teeth-whitening
20250223,1.74E+15,form_submit,477.918.903,desktop,iOS,https://smileguru.com/root-canal
20250223,1.74E+15,form_submit,291.817.140,desktop,Android,https://smileguru.com/dental-implants
20250223,invalid_timestamp,page_view,300.429.227,smartwatch,Windows,https://smileguru.com/about
20250223,1.74E+15,form_submit,826.779.211,tablet,iOS,https://smileguru.com/index
20250223,1.74E+15,click,,desktop,,https://smileguru.com/home
20250223,1.74E+15,,851.104.448,desktop,Windows,https://smileguru.com/emergency-dental
20250223,1.74E+15,click,832.637.841,desktop,,https://smileguru.com/about
20250223,1.74E+15,page_view,769.981.437,tablet,Android,https://smileguru.com/about
20250223,1.74E+15,form_submit,362.524.667,,,
20250223,1.74E+15,click,221.490.900,tablet,Linux,https://smileguru.com/orthodontics
20250223,1.74E+15,click,221.490.900,tablet,Linux,https://smileguru.com/orthodontics
20250223,invalid_timestamp,click,489.631.438,mobile,Android,https://smileguru.com/emergency-dental
20250223,1.74E+15,,348.689.547,mobile,Android,https://smileguru.com/cosmetic-dentistry
20250223,1.74E+15,click,733.627.744,tablet,Android,https://smileguru.com/about
20250223,1.74E+15,page_view,385.992.801,tablet,iOS,
20250223,1.74E+15,page_view,503.791.522,desktop,iOS,https://smileguru.com
20250223,1.74E+15,form_submit,137.541.955,desktop,Linux,https://smileguru.com/home
20250223,1.74E+15,click,479.311.947,smartwatch,iOS,
20250223,1.74E+15,,786.703.813,desktop,iOS,https://smileguru.com/root-canal
20250223,1.74E+15,form_submit,107.111.801,tablet,Android,https://smileguru.com/teeth-whitening
20250223,1.74E+15,page_view,803.315.517,desktop,Windows,
20250223,1.74E+15,click,,desktop,iOS,https://smileguru.com/about-us
,1.74E+15,form_submit,757.800.433,,Windows,https://smileguru.com/about
20250223,1.74E+15,form_submit,496.234.745,mobile,,https://smileguru.com/contact
20250223,1.74E+15,click,151.474.302,mobile,Windows,https://smileguru.com/emergency-dental
20250223,1.74E+15,,859.229.456,tablet,,https://smileguru.com/contact
20250223,1.74E+15,,610.889.896,smartwatch,iOS,https://smileguru.com/home
20250223,invalid_timestamp,click,757.773.875,desktop,Linux,https://smileguru.com/root-canal
20250223,1.74E+15,scroll,540.575.263,desktop,Android,
20250223,1.74E+15,scroll,945.214.182,mobile,Android,https://smileguru.com/dental-implants
20250223,1.74E+15,scroll,393.375.611,mobile,Windows,https://smileguru.com/index
,1.74E+15,page_view,763.527.261,desktop,Linux,https://smileguru.com/about
20250223,1.74E+15,page_view,819.160.269,mobile,Windows,
20250223,1.74E+15,scroll,631.338.889,,iOS,https://smileguru.com/root-canal
20250223,1.74E+15,scroll,297.963.834,mobile,Android,https://smileguru.com/contact
20250223,1.74E+15,form_submit,971.602.242,mobile,Windows,https://smileguru.com/home
20250223,1.74E+15,page_view,,mobile,iOS,https://smileguru.com/index
20250223,1.74E+15,click,817.584.691,tablet,Android,https://smileguru.com/cosmetic-dentistry
20250223,1.74E+15,click,368.528.663,mobile,Windows,https://smileguru.com/home
20250223,1.74E+15,scroll,757.348.187,smartwatch,Android,
20250223,1.74E+15,form_submit,977.290.388,tablet,iOS,
20250223,1.74E+15,scroll,693.870.477,desktop,iOS,https://smileguru.com
20250223,invalid_timestamp,scroll,187.225.234,tablet,Android,
20250223,1.74E+15,click,387.591.344,desktop,iOS,
,1.74E+15,page_view,717.848.318,desktop,Windows,https://smileguru.com/about-us
20250223,1.74E+15,form_submit,800.203.121,tablet,Windows,https://smileguru.com/emergency-dental
20250223,1.74E+15,page_view,395.283.197,desktop,Android,https://smileguru.com/root-canal
20250223,1.77E+15,click,225.498.345,desktop,Android,https://smileguru.com/dental-implants
20250223,1.74E+15,form_submit,979.468.436,mobile,Android,https://smileguru.com/orthodontics
20250223,1.74E+15,click,416.415.708,,iOS,https://smileguru.com/about
20250223,invalid_timestamp,page_view,473.341.473,mobile,iOS,https://smileguru.com/teeth-whitening
20250223,1.74E+15,form_submit,313.885.425,tablet,,https://smileguru.com/teeth-whitening
20250223,1.74E+15,page_view,400.631.128,desktop,Windows,https://smileguru.com/index
20250223,1.74E+15,click,773.989.560,,iOS,https://smileguru.com/home
20250223,1.74E+15,page_view,,,Android,https://smileguru.com/teeth-whitening
20250223,invalid_timestamp,form_submit,198.693.773,mobile,iOS,https://smileguru.com/root-canal
20250223,1.74E+15,form_submit,262.419.253,,Android,https://smileguru.com/teeth-whitening
20250223,invalid_timestamp,page_view,647.857.376,desktop,iOS,https://smileguru.com/contact
20250223,1.74E+15,form_submit,930.275.953,tablet,,https://smileguru.com/emergency-dental
20250223,1.74E+15,form_submit,833.913.976,desktop,iOS,https://smileguru.com
20250223,1.74E+15,form_submit,638.691.890,mobile,iOS,https://smileguru.com/cosmetic-dentistry
20250223,1.74E+15,page_view,601.343.105,desktop,iOS,https://smileguru.com/home
20250223,1.74E+15,page_view,257.870.153,desktop,iOS,https://smileguru.com/contact
20250223,1.74E+15,click,600.735.380,tablet,iOS,https://smileguru.com/emergency-dental
20250223,1.74E+15,click,891.889.557,tablet,,https://smileguru.com/home
20250223,1.74E+15,scroll,233.834.540,mobile,Linux,https://smileguru.com/home
20250223,1.74E+15,click,339.617.691,desktop,Windows,https://smileguru.com/orthodontics
20250223,1.74E+15,form_submit,430.489.376,mobile,Linux,https://smileguru.com/root-canal
20250223,1.74E+15,scroll,137.740.737,tablet,iOS,https://smileguru.com/emergency-dental
20250223,1.74E+15,form_submit,386.752.760,mobile,Windows,https://smileguru.com/root-canal
20250223,1.74E+15,scroll,232.839.204,mobile,Android,https://smileguru.com/root-canal
20250223,1.74E+15,form_submit,682.267.860,desktop,Android,https://smileguru.com/about
20250223,1.74E+15,click,,desktop,Android,https://smileguru.com/emergency-dental
20250223,1.74E+15,click,193.879.114,mobile,Android,https://smileguru.com/dental-implants
20250223,1.74E+15,form_submit,413.483.475,tablet,Android,https://smileguru.com/teeth-whitening
20250223,1.74E+15,form_submit,413.483.475,tablet,Android,https://smileguru.com/teeth-whitening
20250223,1.74E+15,page_view,868.223.890,desktop,Android,https://smileguru.com/about
20250223,1.74E+15,scroll,589.479.687,tablet,Windows,https://smileguru.com/dental-implants
20250223,1.74E+15,,786.217.413,tablet,Windows,https://smileguru.com/dental-implants
20250223,1.74E+15,page_view,595.581.548,mobile,,https://smileguru.com/root-canal
,1.74E+15,click,228.515.395,smartwatch,Windows,https://smileguru.com/index
,1.74E+15,click,517.454.361,tablet,iOS,https://smileguru.com
20250223,1.74E+15,page_view,793.689.968,mobile,iOS,https://smileguru.com/home
20250223,1.77E+15,scroll,513.714.865,smartwatch,Android,https://smileguru.com/home
20250223,1.74E+15,,378.457.986,tablet,Linux,https://smileguru.com/home
20250223,1.74E+15,scroll,142.282.443,desktop,Android,https://smileguru.com/about-us
20250223,1.74E+15,form_submit,657.358.343,mobile,Windows,https://smileguru.com/emergency-dental
20250223,1.74E+15,,,mobile,Linux,https://smileguru.com/contact
20250223,1.74E+15,form_submit,183.739.132,tablet,iOS,https://smileguru.com/emergency-dental
20250223,1.74E+15,form_submit,183.739.132,tablet,iOS,https://smileguru.com/emergency-dental
20250223,1.74E+15,click,331.936.299,,Windows,https://smileguru.com
20250223,1.74E+15,page_view,771.779.282,mobile,Windows,https://smileguru.com/about-us
20250223,1.74E+15,page_view,876.935.194,desktop,Android,https://smileguru.com/about-us
20250223,1.74E+15,form_submit,,desktop,iOS,https://smileguru.com/about-us
20250223,1.74E+15,click,297.382.232,,Android,https://smileguru.com/orthodontics
20250223,1.74E+15,,299.427.396,desktop,Windows,https://smileguru.com/teeth-whitening
,1.74E+15,scroll,785.821.487,mobile,Windows,https://smileguru.com/root-canal
20250223,1.74E+15,page_view,324.899.381,,Android,https://smileguru.com/home
,1.74E+15,,381.580.402,mobile,iOS,https://smileguru.com/emergency-dental
20250223,1.74E+15,,907.681.392,mobile,Android,https://smileguru.com/contact
20250223,1.74E+15,click,,desktop,iOS,https://smileguru.com/home
20250223,1.74E+15,form_submit,936.442.449,,Android,https://smileguru.com/about
20250223,1.77E+15,form_submit,652.513.507,,Windows,
20250223,1.74E+15,form_submit,303.260.175,desktop,,https://smileguru.com/teeth-whitening
20250223,1.74E+15,click,213.864.354,mobile,Android,https://smileguru.com/teeth-whitening
,1.74E+15,page_view,788.335.491,tablet,Windows,https://smileguru.com/contact
20250223,1.74E+15,scroll,899.560.785,tablet,,https://smileguru.com/index
20250223,1.74E+15,form_submit,749.599.407,tablet,iOS,https://smileguru.com/about
20250223,1.74E+15,scroll,772.321.664,mobile,Android,https://smileguru.com/teeth-whitening
20250223,1.74E+15,form_submit,589.500.541,mobile,Linux,https://smileguru.com/teeth-whitening
20250223,1.74E+15,scroll,883.867.586,tablet,Windows,https://smileguru.com/dental-implants
20250223,1.74E+15,page_view,614.216.253,desktop,iOS,https://smileguru.com/orthodontics
20250223,1.74E+15,click,263.734.571,tablet,Android,
20250223,1.74E+15,form_submit,609.112.710,mobile,iOS,https://smileguru.com/about
20250223,1.74E+15,form_submit,803.677.933,tablet,,https://smileguru.com/cosmetic-dentistry
20250223,1.74E+15,scroll,570.498.963,tablet,,
20250223,1.74E+15,form_submit,420.587.172,mobile,Android,https://smileguru.com/orthodontics
20250223,1.74E+15,,186.396.114,,iOS,https://smileguru.com/root-canal
,1.74E+15,form_submit,871.121.817,desktop,Android,https://smileguru.com/dental-implants
,1.74E+15,form_submit,367.311.357,desktop,iOS,https://smileguru.com/dental-implants
20250223,1.74E+15,form_submit,,mobile,Android,https://smileguru.com/teeth-whitening
20250223,1.74E+15,,474.585.729,desktop,,https://smileguru.com/teeth-whitening
,1.74E+15,page_view,913.434.441,desktop,iOS,https://smileguru.com/home
20250223,1.74E+15,click,747.570.476,desktop,iOS,https://smileguru.com/emergency-dental
20250223,1.74E+15,scroll,126.943.538,tablet,Windows,https://smileguru.com/emergency-dental
,1.74E+15,page_view,293.621.663,tablet,Android,
20250223,1.74E+15,scroll,,,Android,https://smileguru.com/orthodontics
20250223,1.74E+15,click,797.477.748,mobile,iOS,https://smileguru.com/emergency-dental
20250223,1.74E+15,,835.928.809,tablet,iOS,https://smileguru.com/home
20250223,1.74E+15,scroll,231.298.362,mobile,Windows,
,1.74E+15,form_submit,507.616.995,mobile,iOS,https://smileguru.com/root-canal
20250223,1.74E+15,click,912.909.602,desktop,,https://smileguru.com/cosmetic-dentistry
,1.74E+15,page_view,207.285.153,desktop,Android,https://smileguru.com/teeth-whitening
20250223,1.74E+15,form_submit,878.484.874,desktop,iOS,https://smileguru.com/orthodontics
20250223,1.74E+15,page_view,894.386.503,tablet,Linux,https://smileguru.com/teeth-whitening
,invalid_timestamp,page_view,190.839.706,,Windows,https://smileguru.com/cosmetic-dentistry
,1.74E+15,form_submit,755.229.786,desktop,Windows,https://smileguru.com/emergency-dental
20250223,1.74E+15,page_view,394.948.940,mobile,Android,
20250223,1.74E+15,scroll,768.605.861,,iOS,
,1.74E+15,scroll,907.805.621,mobile,iOS,https://smileguru.com/about
20250223,1.74E+15,page_view,783.335.984,tablet,Android,https://smileguru.com
20250223,1.74E+15,page_view,386.119.603,mobile,Android,https://smileguru.com/about
20250223,invalid_timestamp,page_view,910.794.837,mobile,iOS,https://smileguru.com/teeth-whitening
20250223,1.74E+15,click,376.453.583,tablet,iOS,https://smileguru.com/home
20250223,1.74E+15,click,629.345.578,desktop,iOS,https://smileguru.com/dental-implants
20250223,1.74E+15,page_view,973.146.130,smartwatch,iOS,https://smileguru.com/about-us
20250223,1.74E+15,page_view,839.801.192,smartwatch,Windows,https://smileguru.com/teeth-whitening
20250223,1.74E+15,click,205.336.676,tablet,Linux,https://smileguru.com/about
20250223,1.74E+15,click,205.336.676,tablet,Linux,https://smileguru.com/about
,1.74E+15,click,125.464.705,mobile,,https://smileguru.com/dental-implants
20250223,1.74E+15,,719.469.741,mobile,Android,https://smileguru.com/home
20250223,1.74E+15,page_view,314.495.827,desktop,iOS,https://smileguru.com/cosmetic-dentistry
20250223,1.74E+15,form_submit,217.511.205,desktop,Windows,https://smileguru.com/dental-implants
,1.74E+15,scroll,669.869.393,mobile,,
20250223,1.74E+15,form_submit,117.822.691,,iOS,https://smileguru.com/about-us
20250223,1.74E+15,page_view,733.243.191,tablet,iOS,https://smileguru.com/about-us
20250223,1.74E+15,,433.487.448,,Linux,https://smileguru.com/orthodontics
20250223,1.74E+15,page_view,,mobile,Android,https://smileguru.com/contact
20250223,1.74E+15,page_view,,desktop,Windows,https://smileguru.com/root-canal
20250223,1.74E+15,page_view,683.471.393,tablet,Windows,https://smileguru.com/cosmetic-dentistry
20250223,1.74E+15,form_submit,706.892.470,tablet,,https://smileguru.com
20250223,1.74E+15,scroll,646.205.741,desktop,iOS,https://smileguru.com/dental-implants
,1.74E+15,page_view,285.762.487,mobile,iOS,https://smileguru.com/about
20250223,1.74E+15,page_view,465.723.753,mobile,iOS,https://smileguru.com/dental-implants
20250223,invalid_timestamp,scroll,727.323.471,tablet,Android,https://smileguru.com
20250223,1.74E+15,scroll,998.873.186,mobile,iOS,https://smileguru.com/emergency-dental
,1.74E+15,click,123.357.474,,iOS,https://smileguru.com/emergency-dental
20250223,1.74E+15,form_submit,425.751.337,tablet,iOS,https://smileguru.com/contact
20250223,1.74E+15,page_view,472.962.717,mobile,iOS,https://smileguru.com/teeth-whitening
,1.74E+15,scroll,216.811.546,mobile,Windows,https://smileguru.com/cosmetic-dentistry
20250223,1.74E+15,form_submit,969.497.259,tablet,Windows,https://smileguru.com/orthodontics
20250223,1.77E+15,click,900.178.202,mobile,iOS,https://smileguru.com/about-us
20250223,1.74E+15,form_submit,,desktop,Linux,https://smileguru.com/teeth-whitening
20250223,1.74E+15,click,753.319.220,mobile,Windows,https://smileguru.com/teeth-whitening
20250223,1.74E+15,click,567.516.909,tablet,Windows,https://smileguru.com/index
20250223,1.74E+15,form_submit,140.501.640,tablet,Windows,https://smileguru.com/index
20250223,1.74E+15,form_submit,140.501.640,tablet,Windows,https://smileguru.com/index
20250223,1.74E+15,scroll,946.134.448,mobile,Windows,https://smileguru.com/about
20250223,invalid_timestamp,click,570.412.780,,Windows,https://smileguru.com/about-us
20250223,invalid_timestamp,click,570.412.780,,Windows,https://smileguru.com/about-us
20250223,1.74E+15,scroll,559.486.815,desktop,Android,https://smileguru.com/root-canal
20250223,1.74E+15,scroll,940.382.787,tablet,Windows,https://smileguru.com/root-canal
20250223,invalid_timestamp,form_submit,535.532.539,desktop,Android,https://smileguru.com/root-canal
20250223,1.74E+15,form_submit,887.761.176,desktop,Android,
20250223,1.74E+15,click,982.583.389,desktop,Android,https://smileguru.com/cosmetic-dentistry
20250223,1.74E+15,page_view,439.732.623,mobile,iOS,https://smileguru.com/dental-implants
20250223,1.74E+15,form_submit,356.540.319,tablet,Windows,https://smileguru.com/orthodontics
20250223,1.74E+15,form_submit,102.749.854,tablet,iOS,https://smileguru.com/about-us
20250223,1.74E+15,,512.703.993,desktop,Android,https://smileguru.com/cosmetic-dentistry
20250223,1.74E+15,click,121.173.185,mobile,iOS,https://smileguru.com/about-us
20250223,1.74E+15,form_submit,,tablet,iOS,https://smileguru.com/emergency-dental
20250223,1.74E+15,page_view,890.613.405,tablet,,https://smileguru.com/emergency-dental
20250223,1.74E+15,form_submit,969.116.886,tablet,iOS,https://smileguru.com/about
20250223,1.74E+15,form_submit,250.602.188,desktop,Android,https://smileguru.com/teeth-whitening
20250223,1.74E+15,scroll,,mobile,iOS,https://smileguru.com/contact
20250223,1.74E+15,scroll,,desktop,,https://smileguru.com/home
20250223,1.74E+15,form_submit,951.205.674,,Windows,https://smileguru.com/emergency-dental
20250223,1.74E+15,click,815.985.224,mobile,Android,https://smileguru.com/orthodontics
20250223,invalid_timestamp,click,187.242.789,desktop,iOS,https://smileguru.com/home
20250223,1.74E+15,,388.685.672,tablet,Windows,
20250223,1.74E+15,scroll,954.561.513,tablet,Linux,https://smileguru.com/teeth-whitening
20250223,1.74E+15,page_view,869.791.416,desktop,Windows,https://smileguru.com/root-canal
20250223,1.74E+15,page_view,869.791.416,desktop,Windows,https://smileguru.com/root-canal
20250223,1.74E+15,page_view,157.758.661,tablet,Android,https://smileguru.com/root-canal
20250223,1.74E+15,scroll,271.805.803,mobile,Windows,https://smileguru.com/index
20250223,1.74E+15,form_submit,638.185.266,desktop,Linux,
,1.74E+15,scroll,549.891.789,desktop,Linux,
20250223,1.74E+15,scroll,306.944.150,tablet,iOS,https://smileguru.com/dental-implants
20250223,invalid_timestamp,page_view,136.860.579,mobile,Windows,https://smileguru.com/home
20250223,1.74E+15,page_view,,smartwatch,Android,https://smileguru.com/about-us
20250223,1.74E+15,click,423.604.854,desktop,Android,https://smileguru.com/about-us
20250223,1.74E+15,,498.934.386,desktop,Android,https://smileguru.com/orthodontics
20250223,1.74E+15,form_submit,347.589.723,desktop,Windows,https://smileguru.com/emergency-dental
20250223,1.74E+15,click,492.231.808,,Linux,https://smileguru.com/orthodontics
20250223,1.74E+15,scroll,687.897.885,tablet,Linux,https://smileguru.com/about-us
20250223,1.74E+15,page_view,135.375.353,tablet,,https://smileguru.com/about
20250223,1.74E+15,click,268.650.304,,iOS,https://smileguru.com/dental-implants
20250223,1.74E+15,scroll,491.193.422,,,https://smileguru.com/emergency-dental
20250223,1.74E+15,scroll,966.768.692,mobile,Windows,https://smileguru.com/orthodontics
20250223,1.74E+15,form_submit,847.836.853,,iOS,https://smileguru.com/orthodontics
20250223,1.74E+15,form_submit,847.836.853,,iOS,https://smileguru.com/orthodontics
20250223,1.74E+15,form_submit,180.192.289,tablet,Android,https://smileguru.com/index
20250223,1.74E+15,scroll,730.430.383,desktop,Android,https://smileguru.com/teeth-whitening
20250223,1.74E+15,scroll,230.332.268,tablet,iOS,https://smileguru.com/about-us
20250223,1.74E+15,page_view,428.956.482,mobile,iOS,https://smileguru.com/index
20250223,1.74E+15,click,596.188.414,tablet,Android,https://smileguru.com/home
20250223,1.74E+15,form_submit,173.899.375,desktop,Android,https://smileguru.com/emergency-dental
20250223,1.74E+15,form_submit,536.613.709,desktop,Windows,https://smileguru.com/orthodontics
20250223,invalid_timestamp,scroll,,tablet,iOS,https://smileguru.com/about-us
20250223,1.74E+15,form_submit,983.751.309,mobile,Android,https://smileguru.com/dental-implants
20250223,1.74E+15,form_submit,880.131.701,desktop,iOS,https://smileguru.com/root-canal
20250223,1.74E+15,click,773.853.141,tablet,Android,
20250223,1.74E+15,scroll,413.264.570,,Windows,https://smileguru.com/root-canal
20250223,1.74E+15,page_view,439.774.845,tablet,Windows,https://smileguru.com/dental-implants
20250223,1.74E+15,click,902.753.493,tablet,Windows,https://smileguru.com/root-canal
20250223,1.74E+15,page_view,541.657.989,desktop,iOS,https://smileguru.com/root-canal
20250223,1.74E+15,click,382.403.257,tablet,Android,https://smileguru.com/root-canal
20250223,invalid_timestamp,form_submit,517.114.897,desktop,iOS,https://smileguru.com/teeth-whitening
20250223,1.74E+15,page_view,166.927.333,smartwatch,Android,https://smileguru.com/dental-implants
20250223,1.74E+15,page_view,719.253.417,desktop,iOS,https://smileguru.com/contact
20250223,1.74E+15,page_view,267.406.742,mobile,Android,https://smileguru.com/contact
20250223,1.74E+15,click,827.626.580,mobile,,https://smileguru.com/home
,1.74E+15,scroll,630.305.192,tablet,Windows,https://smileguru.com/about-us
20250223,1.74E+15,page_view,373.612.349,mobile,Windows,https://smileguru.com/root-canal
20250223,1.74E+15,click,841.632.559,desktop,iOS,
20250223,1.74E+15,page_view,,,Android,
20250223,1.74E+15,click,714.643.441,,iOS,https://smileguru.com/home
20250223,1.74E+15,scroll,982.101.547,desktop,,https://smileguru.com/cosmetic-dentistry
20250223,invalid_timestamp,page_view,714.577.606,mobile,Android,https://smileguru.com/cosmetic-dentistry
20250223,invalid_timestamp,scroll,827.253.198,tablet,Android,https://smileguru.com/home
20250223,invalid_timestamp,scroll,827.253.198,tablet,Android,https://smileguru.com/home
20250223,1.74E+15,scroll,557.908.551,tablet,Android,https://smileguru.com/contact
20250223,1.74E+15,click,715.293.100,desktop,iOS,https://smileguru.com/emergency-dental
20250223,1.74E+15,click,,desktop,Windows,https://smileguru.com
20250223,1.74E+15,scroll,150.676.411,mobile,iOS,https://smileguru.com/root-canal
20250223,1.74E+15,page_view,869.460.826,mobile,Linux,https://smileguru.com/about-us
20250223,1.74E+15,page_view,869.460.826,mobile,Linux,https://smileguru.com/about-us
20250223,1.74E+15,,982.749.502,tablet,iOS,https://smileguru.com/about
20250223,1.74E+15,,982.749.502,tablet,iOS,https://smileguru.com/about
20250223,1.74E+15,form_submit,803.798.317,desktop,Windows,https://smileguru.com/teeth-whitening
20250223,1.74E+15,page_view,788.672.392,desktop,Android,https://smileguru.com/home
20250223,1.74E+15,page_view,976.367.326,,,https://smileguru.com/index
20250223,1.74E+15,page_view,270.215.642,desktop,Windows,
20250223,1.74E+15,click,399.883.724,smartwatch,iOS,https://smileguru.com/orthodontics
20250223,1.74E+15,,408.854.464,tablet,iOS,https://smileguru.com/home
20250223,1.74E+15,page_view,119.445.902,,Windows,https://smileguru.com/contact
20250223,1.74E+15,scroll,807.698.661,smartwatch,Android,https://smileguru.com/contact
,1.74E+15,form_submit,953.215.743,tablet,Android,https://smileguru.com/orthodontics
20250223,1.74E+15,page_view,232.797.738,smartwatch,Windows,https://smileguru.com/about-us
20250223,1.74E+15,scroll,337.780.252,mobile,Android,https://smileguru.com/about-us
20250223,1.74E+15,scroll,873.843.779,desktop,iOS,https://smileguru.com/index
20250223,1.74E+15,form_submit,425.868.935,,Linux,https://smileguru.com/emergency-dental
20250223,1.74E+15,,889.763.844,desktop,Android,https://smileguru.com/emergency-dental
20250223,1.74E+15,form_submit,691.271.805,tablet,iOS,https://smileguru.com/cosmetic-dentistry
,1.74E+15,scroll,,mobile,iOS,https://smileguru.com/root-canal
20250223,1.74E+15,page_view,837.607.245,,Android,https://smileguru.com/orthodontics
20250223,1.74E+15,page_view,765.574.445,desktop,,https://smileguru.com/teeth-whitening
20250223,1.74E+15,scroll,658.356.248,desktop,Android,https://smileguru.com/teeth-whitening
20250223,1.74E+15,page_view,906.649.349,mobile,iOS,https://smileguru.com/home
20250223,1.74E+15,click,885.554.493,desktop,iOS,
20250223,1.74E+15,page_view,529.288.811,desktop,iOS,https://smileguru.com/index
20250223,1.74E+15,click,871.469.372,,iOS,https://smileguru.com/about
20250223,1.74E+15,click,622.174.854,mobile,Android,https://smileguru.com/index
20250223,1.74E+15,page_view,621.748.616,mobile,Android,https://smileguru.com/teeth-whitening
20250223,1.74E+15,page_view,608.299.990,mobile,iOS,https://smileguru.com/contact
20250223,1.74E+15,click,422.852.877,desktop,iOS,https://smileguru.com/teeth-whitening
20250223,1.74E+15,page_view,412.789.132,desktop,Windows,https://smileguru.com/emergency-dental
20250223,invalid_timestamp,form_submit,803.931.966,desktop,Linux,https://smileguru.com/contact
20250223,1.74E+15,scroll,896.547.856,tablet,Android,https://smileguru.com/orthodontics
20250223,1.74E+15,form_submit,469.866.808,desktop,Android,https://smileguru.com/contact
20250223,1.74E+15,form_submit,,tablet,Windows,https://smileguru.com/about-us
20250223,1.74E+15,,933.137.453,mobile,iOS,https://smileguru.com/dental-implants
,1.74E+15,page_view,,mobile,Windows,https://smileguru.com/root-canal
20250223,1.74E+15,scroll,704.303.117,mobile,Android,
20250223,1.74E+15,,669.423.141,desktop,Android,https://smileguru.com/home
20250223,1.74E+15,scroll,889.814.387,mobile,iOS,https://smileguru.com/about-us
20250223,invalid_timestamp,,,mobile,iOS,https://smileguru.com
20250223,invalid_timestamp,scroll,608.360.997,mobile,iOS,https://smileguru.com/contact
20250223,1.74E+15,scroll,410.729.937,mobile,Android,https://smileguru.com/contact
20250223,1.74E+15,scroll,559.628.711,tablet,Windows,https://smileguru.com
20250223,1.74E+15,,169.953.410,,Linux,https://smileguru.com/index
20250223,1.74E+15,page_view,151.221.930,tablet,Windows,https://smileguru.com/home
20250223,1.74E+15,scroll,867.764.956,tablet,Linux,https://smileguru.com/cosmetic-dentistry
20250223,1.74E+15,scroll,795.613.185,mobile,iOS,https://smileguru.com/index
20250223,1.74E+15,form_submit,798.457.457,mobile,iOS,https://smileguru.com/home
20250223,1.74E+15,,,tablet,Android,https://smileguru.com/contact
20250223,1.74E+15,scroll,672.208.269,,iOS,https://smileguru.com/teeth-whitening
20250223,1.74E+15,page_view,546.105.983,smartwatch,Android,https://smileguru.com
20250223,1.74E+15,click,575.419.782,mobile,Windows,https://smileguru.com/emergency-dental
20250223,1.74E+15,page_view,,mobile,iOS,https://smileguru.com/home
20250223,1.74E+15,page_view,,mobile,iOS,https://smileguru.com/home
20250223,1.74E+15,scroll,911.675.745,tablet,Linux,https://smileguru.com/contact
20250223,1.74E+15,form_submit,547.885.907,desktop,Windows,https://smileguru.com/root-canal
,1.74E+15,page_view,963.984.694,mobile,Android,https://smileguru.com/orthodontics
20250223,1.74E+15,,231.178.806,tablet,iOS,https://smileguru.com/about-us
20250223,1.74E+15,page_view,971.217.533,tablet,Windows,https://smileguru.com/dental-implants
20250223,1.74E+15,form_submit,,tablet,Windows,https://smileguru.com/index
20250223,invalid_timestamp,page_view,884.337.525,desktop,Windows,https://smileguru.com/orthodontics
20250223,invalid_timestamp,page_view,427.891.321,mobile,iOS,https://smileguru.com/cosmetic-dentistry
20250223,1.74E+15,scroll,780.345.624,mobile,Android,https://smileguru.com/root-canal
20250223,1.74E+15,scroll,780.345.624,mobile,Android,https://smileguru.com/root-canal
20250223,1.74E+15,page_view,183.550.570,tablet,,
20250223,1.74E+15,scroll,439.995.780,smartwatch,Android,https://smileguru.com/cosmetic-dentistry
20250223,invalid_timestamp,scroll,218.476.140,mobile,iOS,https://smileguru.com/about
20250223,1.74E+15,scroll,747.819.636,,iOS,https://smileguru.com/emergency-dental
20250223,1.74E+15,page_view,192.829.388,desktop,Android,https://smileguru.com/orthodontics
20250223,1.74E+15,form_submit,266.555.663,mobile,Android,https://smileguru.com/about
20250223,1.74E+15,page_view,538.799.721,tablet,iOS,
20250223,1.74E+15,click,170.865.632,tablet,,
,1.74E+15,page_view,124.910.513,smartwatch,Linux,https://smileguru.com/about-us
20250223,1.74E+15,form_submit,464.715.860,desktop,Windows,https://smileguru.com/index
20250223,1.74E+15,form_submit,464.715.860,desktop,Windows,https://smileguru.com/index
20250223,1.74E+15,,304.142.418,desktop,iOS,https://smileguru.com/index
20250223,1.74E+15,click,380.660.948,mobile,Android,https://smileguru.com/home
20250223,1.74E+15,form_submit,629.837.142,desktop,Android,https://smileguru.com/dental-implants
20250223,1.74E+15,click,554.209.903,desktop,Windows,https://smileguru.com/emergency-dental
20250223,1.74E+15,click,,mobile,Android,https://smileguru.com/cosmetic-dentistry
20250223,1.74E+15,page_view,231.636.486,desktop,Android,https://smileguru.com/teeth-whitening
20250223,1.74E+15,scroll,914.702.697,mobile,,https://smileguru.com/orthodontics
20250223,1.74E+15,page_view,944.450.111,mobile,Android,https://smileguru.com/teeth-whitening
,1.74E+15,form_submit,224.278.375,desktop,Windows,https://smileguru.com/about
20250223,1.74E+15,form_submit,506.287.525,tablet,Linux,https://smileguru.com/home
20250223,1.74E+15,,940.892.576,,,https://smileguru.com/teeth-whitening
20250223,invalid_timestamp,scroll,918.615.456,mobile,Windows,https://smileguru.com/orthodontics
20250223,1.74E+15,page_view,348.275.802,tablet,iOS,
20250223,invalid_timestamp,page_view,573.405.337,,,https://smileguru.com/home
20250223,1.74E+15,form_submit,800.261.349,tablet,iOS,https://smileguru.com
20250223,1.74E+15,page_view,393.789.556,tablet,Android,https://smileguru.com/index
20250223,1.74E+15,scroll,269.289.126,mobile,iOS,https://smileguru.com/orthodontics
,1.74E+15,scroll,828.626.169,desktop,Android,https://smileguru.com/emergency-dental
20250223,1.74E+15,form_submit,162.877.871,,Windows,https://smileguru.com/index
20250223,1.74E+15,scroll,696.253.406,mobile,Android,https://smileguru.com/root-canal
20250223,1.74E+15,page_view,319.306.219,,iOS,https://smileguru.com/cosmetic-dentistry
20250223,1.74E+15,form_submit,594.125.366,tablet,iOS,
20250223,1.74E+15,form_submit,594.125.366,tablet,iOS,
20250223,1.74E+15,click,212.580.668,tablet,Windows,https://smileguru.com/emergency-dental
20250223,1.74E+15,form_submit,603.588.455,desktop,,https://smileguru.com/orthodontics
20250223,1.74E+15,click,719.527.532,desktop,Linux,https://smileguru.com/emergency-dental
20250223,1.74E+15,,100.467.733,tablet,Android,https://smileguru.com/about
20250223,1.74E+15,scroll,120.741.885,tablet,,https://smileguru.com/contact
20250223,1.74E+15,scroll,120.741.885,tablet,,https://smileguru.com/contact
20250223,1.74E+15,,957.274.732,tablet,iOS,
20250223,1.74E+15,scroll,876.790.124,tablet,,
20250223,invalid_timestamp,,219.513.707,desktop,Android,
20250223,1.74E+15,page_view,704.214.594,desktop,iOS,https://smileguru.com/dental-implants
20250223,1.74E+15,scroll,984.108.274,desktop,iOS,https://smileguru.com/root-canal
20250223,1.74E+15,scroll,945.474.369,mobile,Android,https://smileguru.com/about-us
,1.74E+15,scroll,965.317.841,desktop,Windows,https://smileguru.com/emergency-dental
20250223,1.74E+15,,153.520.774,mobile,Windows,https://smileguru.com/contact
20250223,1.74E+15,page_view,720.591.490,tablet,iOS,https://smileguru.com/about
20250223,1.74E+15,form_submit,446.144.415,smartwatch,Linux,https://smileguru.com/about
20250223,1.74E+15,scroll,240.399.766,,Windows,https://smileguru.com/teeth-whitening
20250223,1.74E+15,form_submit,372.242.150,,iOS,https://smileguru.com/index
20250223,1.74E+15,form_submit,372.242.150,,iOS,https://smileguru.com/index
20250223,1.74E+15,page_view,543.937.179,tablet,Android,https://smileguru.com/cosmetic-dentistry
20250223,1.74E+15,form_submit,549.548.984,tablet,Windows,https://smileguru.com/dental-implants
20250223,1.74E+15,form_submit,,,Windows,https://smileguru.com/root-canal
20250223,1.74E+15,form_submit,497.471.335,mobile,Windows,https://smileguru.com/root-canal
20250223,1.74E+15,click,765.671.682,tablet,Android,https://smileguru.com/about-us
20250223,1.74E+15,scroll,288.330.150,tablet,Android,https://smileguru.com/index
,1.74E+15,page_view,797.566.404,mobile,Android,https://smileguru.com/cosmetic-dentistry
20250223,1.74E+15,scroll,958.402.912,mobile,iOS,https://smileguru.com/about-us
,1.74E+15,form_submit,829.720.373,tablet,,https://smileguru.com/teeth-whitening
20250223,1.74E+15,scroll,815.939.810,desktop,Windows,https://smileguru.com/orthodontics
20250223,1.74E+15,click,667.755.441,tablet,Windows,https://smileguru.com/emergency-dental
20250223,1.74E+15,click,667.755.441,tablet,Windows,https://smileguru.com/emergency-dental
20250223,1.74E+15,form_submit,819.203.271,,Android,https://smileguru.com/dental-implants
20250223,1.74E+15,form_submit,560.741.838,desktop,Linux,
20250223,1.74E+15,scroll,286.197.535,mobile,Android,https://smileguru.com/orthodontics
20250223,1.74E+15,form_submit,845.175.774,,Windows,https://smileguru.com/index
20250223,1.74E+15,form_submit,838.790.903,mobile,Windows,https://smileguru.com/root-canal
,1.74E+15,scroll,729.814.708,mobile,Android,https://smileguru.com/index
20250223,1.74E+15,page_view,117.556.265,desktop,Android,https://smileguru.com/home
20250223,1.74E+15,click,861.710.695,desktop,iOS,
20250223,invalid_timestamp,click,367.950.511,mobile,iOS,https://smileguru.com/index
20250223,invalid_timestamp,scroll,391.232.947,,iOS,https://smileguru.com/teeth-whitening
20250223,1.74E+15,scroll,,tablet,,
,invalid_timestamp,form_submit,373.491.685,mobile,Android,https://smileguru.com/contact
20250223,1.74E+15,page_view,,tablet,iOS,https://smileguru.com/root-canal
20250223,1.74E+15,scroll,560.739.871,tablet,,https://smileguru.com/root-canal
20250223,1.74E+15,form_submit,802.622.286,smartwatch,Linux,https://smileguru.com/index
,1.74E+15,click,193.689.943,mobile,Linux,https://smileguru.com/index
20250223,1.74E+15,click,449.578.628,mobile,iOS,https://smileguru.com/contact
20250223,1.74E+15,page_view,514.330.964,,Windows,https://smileguru.com/about
20250223,1.74E+15,click,848.871.293,mobile,Windows,https://smileguru.com/home
20250223,1.74E+15,click,,mobile,Android,https://smileguru.com/teeth-whitening
20250223,1.74E+15,page_view,578.644.152,tablet,Windows,https://smileguru.com
20250223,1.74E+15,click,210.613.199,desktop,Windows,https://smileguru.com/about-us
20250223,1.74E+15,form_submit,485.142.252,desktop,,
20250223,1.74E+15,click,265.377.827,tablet,,https://smileguru.com/dental-implants
20250223,1.74E+15,page_view,473.724.299,mobile,Android,https://smileguru.com/about
20250223,1.74E+15,scroll,478.337.991,desktop,Windows,https://smileguru.com/teeth-whitening
20250223,1.74E+15,form_submit,,desktop,Linux,https://smileguru.com/index
20250223,1.74E+15,click,471.392.301,mobile,Android,
20250223,1.74E+15,click,471.392.301,mobile,Android,
20250223,1.74E+15,scroll,,tablet,Android,https://smileguru.com/home
20250223,1.74E+15,,570.719.275,desktop,,https://smileguru.com/emergency-dental
20250223,1.74E+15,scroll,231.202.143,,Linux,
20250223,1.74E+15,scroll,231.202.143,,Linux,
20250223,1.74E+15,click,795.507.143,,Windows,https://smileguru.com/emergency-dental
20250223,1.77E+15,form_submit,336.574.314,desktop,Windows,https://smileguru.com/emergency-dental
20250223,1.74E+15,form_submit,783.291.346,,Windows,https://smileguru.com/dental-implants
20250223,1.74E+15,form_submit,417.262.284,tablet,Android,https://smileguru.com/home
20250223,1.74E+15,form_submit,563.882.537,desktop,Windows,https://smileguru.com/teeth-whitening
20250223,1.74E+15,click,857.942.434,smartwatch,Android,https://smileguru.com/emergency-dental
20250223,1.74E+15,click,,tablet,Android,https://smileguru.com
20250223,1.74E+15,click,,tablet,Android,https://smileguru.com/orthodontics
20250223,1.74E+15,page_view,453.623.329,mobile,Windows,https://smileguru.com/teeth-whitening
20250223,1.74E+15,form_submit,,mobile,Windows,https://smileguru.com/home
20250223,1.74E+15,scroll,124.837.749,tablet,iOS,https://smileguru.com/emergency-dental
20250223,1.74E+15,click,298.922.655,desktop,Android,https://smileguru.com/root-canal
20250223,1.74E+15,,453.690.332,tablet,Android,https://smileguru.com/contact
20250223,1.74E+15,page_view,697.138.242,tablet,Linux,https://smileguru.com/home
20250223,1.74E+15,form_submit,389.723.481,tablet,Windows,https://smileguru.com/home
20250223,1.74E+15,scroll,117.907.108,tablet,Linux,https://smileguru.com/emergency-dental
20250223,1.74E+15,scroll,117.907.108,tablet,Linux,https://smileguru.com/emergency-dental
20250223,1.74E+15,click,673.254.819,tablet,Windows,https://smileguru.com/index
20250223,1.74E+15,scroll,485.432.821,mobile,iOS,https://smileguru.com/about
20250223,1.74E+15,scroll,164.966.640,mobile,Windows,https://smileguru.com/cosmetic-dentistry
20250223,1.74E+15,click,932.576.549,desktop,Windows,
20250223,1.74E+15,click,613.263.291,tablet,Windows,https://smileguru.com/cosmetic-dentistry
,1.74E+15,click,651.783.807,desktop,,https://smileguru.com/teeth-whitening
20250223,1.74E+15,page_view,788.572.500,mobile,Android,https://smileguru.com/root-canal
20250223,1.74E+15,click,203.322.885,mobile,Android,https://smileguru.com/contact
20250223,1.74E+15,page_view,691.971.114,tablet,Windows,https://smileguru.com/about
20250223,1.74E+15,page_view,956.334.242,desktop,,
20250223,1.74E+15,page_view,868.833.259,tablet,iOS,https://smileguru.com/about-us
20250223,1.74E+15,click,734.109.500,mobile,iOS,
20250223,1.74E+15,scroll,649.281.309,mobile,iOS,https://smileguru.com/home
20250223,1.74E+15,page_view,769.585.879,tablet,Windows,https://smileguru.com/dental-implants
20250223,1.74E+15,,767.289.798,,,https://smileguru.com/emergency-dental
20250223,1.74E+15,form_submit,345.117.334,tablet,Android,https://smileguru.com/cosmetic-dentistry
20250223,1.74E+15,click,147.965.595,desktop,iOS,https://smileguru.com/emergency-dental
20250223,1.74E+15,form_submit,171.722.767,mobile,Android,https://smileguru.com/dental-implants
20250223,1.74E+15,click,,mobile,Windows,https://smileguru.com/index
20250223,1.74E+15,click,913.583.914,tablet,iOS,https://smileguru.com/index
20250223,invalid_timestamp,page_view,926.889.654,mobile,Android,https://smileguru.com/dental-implants
20250223,1.74E+15,,425.560.503,mobile,Windows,https://smileguru.com/dental-implants
20250223,1.74E+15,page_view,909.887.825,mobile,Windows,https://smileguru.com
20250223,1.74E+15,click,755.520.678,tablet,Android,https://smileguru.com/about
,1.74E+15,scroll,,tablet,Android,https://smileguru.com/root-canal
20250223,1.74E+15,,670.492.655,tablet,Android,https://smileguru.com/about
20250223,invalid_timestamp,page_view,423.978.743,smartwatch,iOS,https://smileguru.com/cosmetic-dentistry
20250223,1.74E+15,scroll,694.599.516,mobile,Linux,https://smileguru.com/root-canal
20250223,1.74E+15,scroll,256.508.304,mobile,iOS,https://smileguru.com/teeth-whitening
20250223,1.74E+15,scroll,256.508.304,mobile,iOS,https://smileguru.com/teeth-whitening
20250223,1.74E+15,page_view,821.766.753,mobile,Android,https://smileguru.com/orthodontics
20250223,1.74E+15,form_submit,331.973.659,tablet,Linux,https://smileguru.com/dental-implants
20250223,1.74E+15,page_view,377.305.759,mobile,iOS,https://smileguru.com/about
20250223,1.74E+15,page_view,377.305.759,mobile,iOS,https://smileguru.com/about
20250223,1.74E+15,scroll,318.342.156,mobile,,https://smileguru.com/contact
20250223,1.74E+15,page_view,821.960.735,desktop,Android,https://smileguru.com/root-canal
20250223,1.77E+15,form_submit,557.128.478,tablet,,https://smileguru.com/home
20250223,1.74E+15,page_view,553.448.314,desktop,Windows,https://smileguru.com/cosmetic-dentistry
20250223,1.74E+15,click,682.114.701,mobile,,https://smileguru.com/index
20250223,invalid_timestamp,page_view,310.440.212,tablet,Android,https://smileguru.com
20250223,1.74E+15,page_view,616.522.337,mobile,Linux,https://smileguru.com/index
20250223,1.74E+15,,529.627.937,desktop,Android,https://smileguru.com/contact
20250223,1.74E+15,form_submit,635.857.851,tablet,iOS,https://smileguru.com/dental-implants
20250223,1.74E+15,page_view,554.787.299,desktop,iOS,https://smileguru.com/about
20250223,1.74E+15,click,409.532.264,,Windows,https://smileguru.com/contact
20250223,1.74E+15,scroll,541.832.363,desktop,iOS,
20250223,1.74E+15,form_submit,199.394.365,desktop,iOS,https://smileguru.com/orthodontics
20250223,1.74E+15,page_view,735.290.388,tablet,Android,https://smileguru.com/about
20250223,1.74E+15,form_submit,333.855.227,mobile,iOS,
20250223,1.74E+15,form_submit,333.855.227,mobile,iOS,
20250223,1.74E+15,scroll,638.621.478,desktop,Android,https://smileguru.com/dental-implants
20250223,1.74E+15,page_view,633.109.615,desktop,iOS,https://smileguru.com/emergency-dental
20250223,1.74E+15,scroll,645.529.850,,iOS,https://smileguru.com/about
,1.74E+15,click,421.348.688,desktop,Linux,https://smileguru.com/about
20250223,1.74E+15,form_submit,497.758.706,desktop,Android,https://smileguru.com/root-canal
20250223,1.74E+15,click,855.862.881,mobile,Windows,https://smileguru.com/orthodontics
20250223,1.74E+15,form_submit,168.158.516,tablet,iOS,https://smileguru.com/teeth-whitening
20250223,1.74E+15,click,319.451.855,desktop,iOS,https://smileguru.com/orthodontics
20250223,1.74E+15,form_submit,570.669.769,tablet,Windows,https://smileguru.com/home
20250223,1.74E+15,form_submit,570.669.769,tablet,Windows,https://smileguru.com/home
20250223,1.74E+15,form_submit,469.354.745,desktop,,https://smileguru.com/about
20250223,1.74E+15,form_submit,469.354.745,desktop,,https://smileguru.com/about
20250223,1.74E+15,page_view,473.840.349,mobile,Linux,https://smileguru.com/cosmetic-dentistry
20250223,1.74E+15,page_view,483.302.744,mobile,Windows,https://smileguru.com/contact
20250223,1.74E+15,page_view,302.283.516,tablet,Android,https://smileguru.com/teeth-whitening
20250223,1.74E+15,page_view,302.283.516,tablet,Android,https://smileguru.com/teeth-whitening
20250223,1.74E+15,form_submit,409.682.136,tablet,Android,https://smileguru.com/emergency-dental
,1.74E+15,page_view,917.348.215,mobile,Android,https://smileguru.com/contact
20250223,1.74E+15,page_view,588.744.534,desktop,iOS,https://smileguru.com/teeth-whitening
20250223,1.74E+15,page_view,672.857.560,tablet,iOS,https://smileguru.com/about-us
20250223,1.74E+15,page_view,706.571.192,tablet,Android,https://smileguru.com/about
20250223,1.74E+15,scroll,,mobile,Windows,https://smileguru.com/teeth-whitening
20250223,1.74E+15,,998.201.856,mobile,iOS,https://smileguru.com/home
20250223,1.74E+15,,379.802.858,desktop,Windows,https://smileguru.com/root-canal
20250223,1.74E+15,page_view,782.739.838,desktop,Windows,https://smileguru.com/emergency-dental
20250223,1.74E+15,page_view,782.739.838,desktop,Windows,https://smileguru.com/emergency-dental
20250223,1.74E+15,page_view,,smartwatch,Android,https://smileguru.com/cosmetic-dentistry
20250223,1.74E+15,click,754.480.671,desktop,Windows,https://smileguru.com/index
20250223,1.74E+15,click,103.246.449,desktop,Windows,https://smileguru.com/cosmetic-dentistry
20250223,1.74E+15,click,103.246.449,desktop,Windows,https://smileguru.com/cosmetic-dentistry
20250223,1.74E+15,form_submit,686.715.951,tablet,Android,
,1.74E+15,form_submit,880.934.341,desktop,iOS,
20250223,1.74E+15,scroll,663.433.110,tablet,Android,https://smileguru.com/cosmetic-dentistry
20250223,1.74E+15,page_view,653.865.985,,Windows,https://smileguru.com/index
20250223,1.74E+15,page_view,653.865.985,,Windows,https://smileguru.com/index
20250223,invalid_timestamp,page_view,,desktop,Android,https://smileguru.com/emergency-dental
20250223,1.74E+15,click,453.325.285,tablet,Windows,https://smileguru.com/about-us
20250223,1.74E+15,form_submit,946.704.112,mobile,Windows,https://smileguru.com
20250223,1.74E+15,page_view,555.596.628,mobile,Android,https://smileguru.com/home
20250223,1.74E+15,form_submit,734.942.988,desktop,iOS,https://smileguru.com/cosmetic-dentistry
20250223,1.74E+15,click,591.689.528,tablet,iOS,https://smileguru.com/about-us
,1.74E+15,scroll,400.443.976,desktop,Android,https://smileguru.com/emergency-dental
20250223,1.74E+15,scroll,524.416.983,tablet,Windows,https://smileguru.com/root-canal
20250223,1.74E+15,form_submit,195.336.517,desktop,Windows,https://smileguru.com/teeth-whitening
20250223,1.74E+15,form_submit,276.308.338,tablet,iOS,https://smileguru.com/orthodontics
20250223,1.74E+15,form_submit,,,Android,https://smileguru.com/orthodontics
20250223,1.74E+15,,512.559.601,mobile,iOS,https://smileguru.com/cosmetic-dentistry
,1.74E+15,scroll,,mobile,Android,https://smileguru.com/emergency-dental
20250223,1.74E+15,click,181.729.428,desktop,iOS,
20250223,1.74E+15,scroll,944.376.310,desktop,,https://smileguru.com/orthodontics
20250223,1.74E+15,form_submit,148.956.282,mobile,Windows,
20250223,1.74E+15,form_submit,837.311.857,tablet,Android,https://smileguru.com/index
,1.74E+15,,211.165.159,desktop,Windows,https://smileguru.com/orthodontics
20250223,1.74E+15,form_submit,445.920.907,mobile,,https://smileguru.com/home
20250223,1.74E+15,page_view,849.272.183,mobile,iOS,https://smileguru.com/teeth-whitening
20250223,1.74E+15,,138.669.151,mobile,Windows,
20250223,1.74E+15,scroll,452.196.228,mobile,Windows,https://smileguru.com
20250223,1.74E+15,page_view,,desktop,iOS,
20250223,1.74E+15,scroll,527.730.102,mobile,Linux,https://smileguru.com/about-us
20250223,1.74E+15,scroll,167.182.381,tablet,Windows,
20250223,invalid_timestamp,scroll,970.903.555,desktop,iOS,https://smileguru.com/index
20250223,1.74E+15,scroll,514.701.701,mobile,Windows,https://smileguru.com/about
20250223,invalid_timestamp,click,798.469.645,desktop,iOS,https://smileguru.com/root-canal
20250223,1.74E+15,click,894.372.285,desktop,Windows,https://smileguru.com/teeth-whitening
20250223,1.74E+15,page_view,,tablet,Windows,https://smileguru.com/index
20250223,1.74E+15,click,600.916.258,desktop,Android,https://smileguru.com/about
20250223,1.74E+15,click,600.916.258,desktop,Android,https://smileguru.com/about
20250223,1.74E+15,scroll,412.572.609,tablet,Android,https://smileguru.com
20250223,1.74E+15,form_submit,392.329.788,mobile,Android,https://smileguru.com/cosmetic-dentistry
20250223,1.74E+15,form_submit,469.565.242,,Windows,https://smileguru.com/root-canal
20250223,1.74E+15,page_view,438.938.284,mobile,Windows,https://smileguru.com/dental-implants
20250223,1.74E+15,page_view,565.922.738,mobile,Windows,
20250223,1.74E+15,,,smartwatch,Android,https://smileguru.com/index
20250223,1.74E+15,,,smartwatch,Android,https://smileguru.com/index
20250223,1.74E+15,scroll,210.892.909,desktop,Windows,https://smileguru.com/root-canal
20250223,1.74E+15,form_submit,884.837.516,tablet,Android,https://smileguru.com/about
20250223,1.74E+15,page_view,413.815.903,tablet,Android,https://smileguru.com/about-us
,1.74E+15,click,976.845.245,mobile,iOS,
20250223,1.74E+15,scroll,,desktop,Windows,https://smileguru.com/cosmetic-dentistry
20250223,1.74E+15,page_view,302.931.876,mobile,iOS,https://smileguru.com/home
20250223,1.74E+15,click,130.932.191,desktop,,https://smileguru.com/emergency-dental
20250223,1.74E+15,form_submit,549.457.694,desktop,iOS,https://smileguru.com/orthodontics
20250223,1.74E+15,form_submit,415.856.317,desktop,Windows,https://smileguru.com/home
20250223,1.74E+15,page_view,474.355.569,,Windows,https://smileguru.com/dental-implants
20250223,1.74E+15,page_view,474.355.569,,Windows,https://smileguru.com/dental-implants
20250223,1.74E+15,scroll,541.464.854,desktop,Android,
20250223,1.74E+15,page_view,,desktop,Windows,https://smileguru.com/index
,1.74E+15,page_view,829.338.861,tablet,Windows,
20250223,1.74E+15,form_submit,,tablet,iOS,https://smileguru.com/emergency-dental
20250223,1.74E+15,scroll,484.975.559,desktop,iOS,https://smileguru.com/emergency-dental
20250223,1.74E+15,scroll,412.829.442,tablet,Windows,https://smileguru.com/about
20250223,1.74E+15,click,920.111.963,desktop,iOS,https://smileguru.com/about-us
20250223,1.74E+15,form_submit,899.803.567,desktop,iOS,https://smileguru.com/dental-implants
20250223,invalid_timestamp,click,658.594.625,tablet,Windows,https://smileguru.com/orthodontics
20250223,1.74E+15,page_view,,desktop,Android,https://smileguru.com/root-canal
20250223,1.74E+15,scroll,184.599.763,mobile,Android,https://smileguru.com/teeth-whitening
20250223,1.74E+15,scroll,184.599.763,mobile,Android,https://smileguru.com/teeth-whitening
,1.74E+15,page_view,226.326.747,desktop,Windows,https://smileguru.com/teeth-whitening
20250223,1.74E+15,,596.630.867,desktop,Android,https://smileguru.com/contact
20250223,1.74E+15,scroll,310.230.505,desktop,Windows,https://smileguru.com/index
20250223,1.74E+15,page_view,,mobile,Android,https://smileguru.com/about
20250223,1.74E+15,scroll,812.847.356,smartwatch,iOS,
20250223,1.74E+15,,188.559.109,tablet,Android,https://smileguru.com/cosmetic-dentistry
20250223,1.74E+15,click,,mobile,,https://smileguru.com/teeth-whitening
20250223,invalid_timestamp,form_submit,483.949.427,tablet,,https://smileguru.com/root-canal
20250223,1.74E+15,form_submit,633.569.854,desktop,iOS,https://smileguru.com/index
,1.74E+15,form_submit,,desktop,Windows,https://smileguru.com/root-canal
,1.74E+15,form_submit,366.817.507,desktop,Windows,https://smileguru.com/emergency-dental
20250223,1.74E+15,,238.397.737,mobile,Windows,https://smileguru.com/contact
20250223,1.74E+15,page_view,766.315.861,tablet,iOS,https://smileguru.com/cosmetic-dentistry
,1.74E+15,,290.530.612,,Windows,https://smileguru.com/cosmetic-dentistry
20250223,invalid_timestamp,click,,mobile,Android,https://smileguru.com/dental-implants
20250223,1.74E+15,scroll,739.356.686,tablet,Android,https://smileguru.com/cosmetic-dentistry
20250223,1.74E+15,form_submit,612.678.896,,Linux,https://smileguru.com/dental-implants
20250223,1.74E+15,form_submit,626.620.609,mobile,iOS,https://smileguru.com/cosmetic-dentistry
20250223,1.74E+15,click,793.481.515,desktop,iOS,https://smileguru.com/emergency-dental
20250223,1.74E+15,form_submit,294.607.289,,Android,https://smileguru.com/cosmetic-dentistry
20250223,1.74E+15,page_view,,tablet,Windows,https://smileguru.com/orthodontics
20250223,1.74E+15,click,416.764.602,desktop,Linux,https://smileguru.com/about
20250223,1.74E+15,form_submit,,desktop,iOS,https://smileguru.com/emergency-dental
20250223,1.74E+15,click,249.335.931,desktop,Windows,https://smileguru.com/cosmetic-dentistry
20250223,1.74E+15,page_view,902.671.681,desktop,iOS,https://smileguru.com/contact
20250223,1.74E+15,click,136.107.886,mobile,Windows,https://smileguru.com/home
20250223,1.74E+15,form_submit,677.977.956,mobile,Windows,https://smileguru.com/about-us
20250223,1.74E+15,scroll,463.612.426,mobile,,https://smileguru.com/teeth-whitening
20250223,1.74E+15,scroll,930.282.619,desktop,,https://smileguru.com/about-us
20250223,1.74E+15,scroll,930.282.619,desktop,,https://smileguru.com/about-us
20250223,1.74E+15,page_view,184.461.383,mobile,Android,https://smileguru.com/contact
20250223,1.74E+15,click,707.191.563,mobile,Windows,https://smileguru.com/index
20250223,1.74E+15,scroll,769.109.535,desktop,Windows,https://smileguru.com/dental-implants
,1.74E+15,page_view,108.802.295,mobile,iOS,https://smileguru.com/emergency-dental
20250223,1.74E+15,scroll,838.937.291,mobile,Android,https://smileguru.com
20250223,1.74E+15,scroll,312.919.398,,Windows,https://smileguru.com/cosmetic-dentistry
20250223,1.74E+15,,517.751.629,mobile,Android,https://smileguru.com/teeth-whitening
20250223,1.74E+15,,658.510.543,desktop,,https://smileguru.com/cosmetic-dentistry
20250223,1.74E+15,,658.510.543,desktop,,https://smileguru.com/cosmetic-dentistry
,1.74E+15,form_submit,850.573.842,tablet,Android,https://smileguru.com
20250223,1.74E+15,scroll,854.740.337,tablet,Android,https://smileguru.com/teeth-whitening
,1.74E+15,form_submit,524.262.835,tablet,iOS,https://smileguru.com
20250223,1.74E+15,page_view,679.665.252,mobile,Windows,https://smileguru.com/cosmetic-dentistry
20250223,1.74E+15,page_view,,tablet,Linux,https://smileguru.com/contact
20250223,1.74E+15,page_view,371.535.228,desktop,Windows,https://smileguru.com/dental-implants
20250223,invalid_timestamp,,400.566.492,desktop,Android,https://smileguru.com/root-canal
20250223,1.74E+15,,643.965.380,desktop,Windows,https://smileguru.com/orthodontics
20250223,1.74E+15,,807.527.655,mobile,Windows,https://smileguru.com/contact
20250223,1.74E+15,scroll,851.541.241,desktop,Windows,https://smileguru.com/about-us
,invalid_timestamp,click,416.100.822,desktop,Windows,https://smileguru.com/emergency-dental
20250223,1.74E+15,scroll,916.115.688,tablet,Android,https://smileguru.com/home
20250223,1.74E+15,form_submit,512.126.708,tablet,Windows,https://smileguru.com/teeth-whitening
20250223,1.74E+15,click,931.335.174,mobile,Android,https://smileguru.com/index
20250223,1.74E+15,page_view,522.101.822,tablet,Windows,https://smileguru.com/cosmetic-dentistry
20250223,1.74E+15,form_submit,388.825.603,mobile,iOS,https://smileguru.com/contact
20250223,invalid_timestamp,scroll,,tablet,Android,https://smileguru.com/emergency-dental
,1.74E+15,scroll,894.803.377,mobile,Android,https://smileguru.com/cosmetic-dentistry
,1.74E+15,form_submit,,,Android,https://smileguru.com/about-us
20250223,1.74E+15,form_submit,,desktop,Windows,https://smileguru.com/orthodontics
20250223,1.74E+15,page_view,404.799.991,mobile,Windows,https://smileguru.com/contact
20250223,1.74E+15,page_view,,tablet,Android,https://smileguru.com/dental-implants
20250223,1.74E+15,form_submit,520.343.371,tablet,Android,https://smileguru.com/about-us
20250223,invalid_timestamp,page_view,712.278.614,tablet,Android,https://smileguru.com/root-canal
,1.74E+15,,234.701.725,desktop,Android,https://smileguru.com/about-us
20250223,1.74E+15,,487.560.660,mobile,Windows,https://smileguru.com/home
20250223,1.74E+15,scroll,740.602.660,desktop,Windows,https://smileguru.com/teeth-whitening
20250223,invalid_timestamp,form_submit,364.590.410,mobile,Android,https://smileguru.com/teeth-whitening
20250223,1.74E+15,click,204.455.869,mobile,Linux,https://smileguru.com
20250223,1.74E+15,scroll,162.171.639,tablet,Windows,https://smileguru.com/index
20250223,1.74E+15,scroll,,mobile,iOS,https://smileguru.com/emergency-dental
20250223,1.74E+15,page_view,309.402.817,desktop,,https://smileguru.com/home
20250223,1.74E+15,page_view,309.402.817,desktop,,https://smileguru.com/home
20250223,1.74E+15,,128.951.152,desktop,Windows,https://smileguru.com/cosmetic-dentistry
20250223,1.74E+15,page_view,,mobile,Android,https://smileguru.com/emergency-dental
20250223,1.74E+15,form_submit,493.153.131,tablet,iOS,https://smileguru.com/contact
20250223,1.74E+15,page_view,401.206.316,mobile,Android,https://smileguru.com/index
20250223,1.74E+15,scroll,669.651.738,tablet,Windows,https://smileguru.com/index
20250223,1.74E+15,form_submit,885.571.267,tablet,Android,https://smileguru.com/about
20250223,1.74E+15,click,905.931.689,desktop,Android,https://smileguru.com/about
,1.74E+15,,488.943.386,tablet,iOS,
20250223,1.74E+15,click,511.300.197,desktop,,https://smileguru.com/index
20250223,1.74E+15,page_view,406.348.214,,Windows,https://smileguru.com/contact
20250223,1.74E+15,page_view,406.348.214,,Windows,https://smileguru.com/contact
20250223,1.74E+15,click,745.404.596,tablet,Windows,https://smileguru.com/index
20250223,invalid_timestamp,form_submit,280.903.557,mobile,Android,https://smileguru.com/teeth-whitening
,1.74E+15,page_view,558.108.383,tablet,Linux,https://smileguru.com/home
20250223,1.74E+15,page_view,128.496.805,tablet,iOS,https://smileguru.com/home
20250223,1.74E+15,form_submit,259.536.510,desktop,Windows,https://smileguru.com/index
20250223,1.74E+15,click,,desktop,Windows,https://smileguru.com/orthodontics
20250223,1.74E+15,form_submit,695.297.534,desktop,,
,1.74E+15,click,795.304.979,desktop,Android,https://smileguru.com/home
20250223,1.74E+15,click,633.996.462,desktop,Windows,https://smileguru.com/orthodontics
20250223,1.74E+15,click,557.887.285,desktop,Windows,https://smileguru.com/orthodontics
20250223,1.74E+15,click,557.887.285,desktop,Windows,https://smileguru.com/orthodontics
20250223,1.74E+15,page_view,671.199.454,tablet,Windows,https://smileguru.com/contact
20250223,1.74E+15,,270.438.869,mobile,Windows,https://smileguru.com/cosmetic-dentistry
20250223,1.74E+15,form_submit,996.872.259,mobile,iOS,https://smileguru.com/contact
20250223,1.74E+15,form_submit,860.247.166,smartwatch,iOS,https://smileguru.com/dental-implants
20250223,1.74E+15,click,575.601.783,mobile,iOS,
,invalid_timestamp,scroll,926.583.936,smartwatch,iOS,https://smileguru.com/cosmetic-dentistry
20250223,1.74E+15,scroll,374.116.689,,iOS,https://smileguru.com/about
20250223,1.77E+15,click,639.914.670,desktop,Linux,https://smileguru.com/orthodontics
20250223,1.74E+15,click,925.593.803,desktop,iOS,https://smileguru.com
20250223,1.74E+15,click,551.810.151,desktop,Android,https://smileguru.com/home
20250223,1.74E+15,click,672.495.751,mobile,Windows,https://smileguru.com/about-us
20250223,1.74E+15,,,mobile,iOS,https://smileguru.com/cosmetic-dentistry
20250223,1.74E+15,page_view,388.131.611,desktop,iOS,https://smileguru.com/root-canal
20250223,1.74E+15,scroll,154.447.854,desktop,Windows,https://smileguru.com/about-us
20250223,1.74E+15,page_view,544.869.276,desktop,iOS,https://smileguru.com/about
,1.74E+15,scroll,812.184.317,tablet,Windows,https://smileguru.com/emergency-dental
20250223,1.74E+15,,618.657.606,desktop,iOS,https://smileguru.com/cosmetic-dentistry
20250223,1.74E+15,,618.657.606,desktop,iOS,https://smileguru.com/cosmetic-dentistry
20250223,1.74E+15,page_view,520.806.302,mobile,iOS,https://smileguru.com/contact
20250223,1.74E+15,page_view,992.623.503,desktop,,https://smileguru.com/root-canal
20250223,1.74E+15,click,313.884.831,desktop,,https://smileguru.com/about-us
20250223,1.74E+15,click,307.811.212,mobile,Linux,https://smileguru.com
20250223,1.74E+15,form_submit,287.765.102,smartwatch,iOS,https://smileguru.com/cosmetic-dentistry
20250223,1.74E+15,click,941.367.997,,iOS,https://smileguru.com/contact
,1.74E+15,form_submit,174.897.848,,Linux,https://smileguru.com
20250223,1.74E+15,click,888.736.281,desktop,Windows,https://smileguru.com/about-us
20250223,1.74E+15,page_view,670.843.300,smartwatch,Android,https://smileguru.com/orthodontics
20250223,1.74E+15,scroll,,desktop,iOS,https://smileguru.com/index
20250223,1.74E+15,scroll,920.584.910,mobile,iOS,https://smileguru.com/home
20250223,1.74E+15,scroll,,tablet,iOS,https://smileguru.com/cosmetic-dentistry
20250223,1.74E+15,click,522.360.750,mobile,Windows,https://smileguru.com/index
20250223,1.74E+15,scroll,227.826.921,mobile,iOS,https://smileguru.com/root-canal
20250223,1.74E+15,page_view,529.969.831,tablet,Android,
20250223,1.74E+15,,702.582.770,mobile,Android,
20250223,1.74E+15,form_submit,493.830.906,smartwatch,Windows,https://smileguru.com/about
20250223,1.74E+15,form_submit,493.830.906,smartwatch,Windows,https://smileguru.com/about
20250223,1.74E+15,form_submit,942.947.524,desktop,iOS,https://smileguru.com/index
20250223,1.74E+15,,378.555.681,desktop,Android,https://smileguru.com/orthodontics
20250223,1.74E+15,,359.785.684,tablet,,https://smileguru.com/home
20250223,1.74E+15,form_submit,304.412.956,mobile,,https://smileguru.com/home
20250223,1.74E+15,click,896.234.423,desktop,iOS,https://smileguru.com/home
20250223,1.74E+15,scroll,505.451.726,smartwatch,Windows,
,1.74E+15,page_view,578.974.379,tablet,iOS,https://smileguru.com/home
20250223,1.74E+15,page_view,375.991.369,desktop,iOS,https://smileguru.com/orthodontics
20250223,1.74E+15,form_submit,,tablet,Linux,https://smileguru.com/contact
20250223,1.74E+15,scroll,291.715.951,mobile,iOS,https://smileguru.com
20250223,1.74E+15,scroll,918.806.221,desktop,Windows,https://smileguru.com/cosmetic-dentistry
20250223,1.74E+15,form_submit,431.168.212,mobile,Android,https://smileguru.com/contact
20250223,1.74E+15,click,504.712.887,desktop,Android,https://smileguru.com/home
20250223,invalid_timestamp,scroll,685.531.182,mobile,Windows,https://smileguru.com/about-us
20250223,1.74E+15,scroll,161.771.152,tablet,Android,https://smileguru.com/dental-implants
20250223,1.74E+15,,876.533.114,mobile,Windows,https://smileguru.com/contact
20250223,1.74E+15,form_submit,832.576.416,desktop,iOS,
20250223,1.74E+15,click,334.750.748,desktop,,https://smileguru.com/index
20250223,1.74E+15,click,443.995.860,mobile,Android,https://smileguru.com/orthodontics
20250223,1.74E+15,form_submit,703.590.807,tablet,Windows,https://smileguru.com/orthodontics
20250223,1.74E+15,scroll,532.905.418,mobile,Android,
20250223,1.74E+15,scroll,532.905.418,mobile,Android,
,1.74E+15,scroll,,mobile,Android,https://smileguru.com/root-canal
20250223,1.74E+15,scroll,554.856.172,desktop,Android,https://smileguru.com/teeth-whitening
20250223,1.74E+15,page_view,,smartwatch,Android,https://smileguru.com/orthodontics
,1.74E+15,click,764.998.680,tablet,Android,https://smileguru.com/cosmetic-dentistry
20250223,1.74E+15,click,767.762.383,desktop,Android,
20250223,1.74E+15,form_submit,265.517.266,mobile,Windows,
,1.74E+15,page_view,,,Windows,https://smileguru.com
20250223,1.74E+15,page_view,655.853.877,tablet,iOS,https://smileguru.com/dental-implants
20250223,1.74E+15,scroll,671.400.651,desktop,Windows,https://smileguru.com/teeth-whitening
20250223,1.74E+15,page_view,,smartwatch,Windows,https://smileguru.com/cosmetic-dentistry
20250223,1.74E+15,scroll,804.752.961,desktop,Android,https://smileguru.com/home
20250223,1.74E+15,click,419.571.608,desktop,iOS,https://smileguru.com/about
20250223,1.74E+15,scroll,808.291.877,mobile,Android,
20250223,1.74E+15,scroll,808.291.877,mobile,Android,
20250223,1.74E+15,page_view,,desktop,Windows,https://smileguru.com/about-us
20250223,1.74E+15,scroll,449.283.983,,iOS,https://smileguru.com/dental-implants
20250223,1.74E+15,scroll,628.991.396,desktop,,https://smileguru.com/teeth-whitening
20250223,invalid_timestamp,page_view,,desktop,iOS,https://smileguru.com/contact
20250223,1.74E+15,page_view,737.316.230,tablet,iOS,
20250223,1.74E+15,scroll,526.971.675,mobile,iOS,https://smileguru.com/about
20250223,1.74E+15,click,355.849.956,desktop,Android,https://smileguru.com/orthodontics
20250223,1.74E+15,form_submit,694.563.896,desktop,Android,https://smileguru.com/dental-implants
20250223,1.74E+15,form_submit,426.767.552,tablet,Android,https://smileguru.com/cosmetic-dentistry
,1.74E+15,form_submit,879.381.260,desktop,Windows,https://smileguru.com/about
20250223,1.74E+15,scroll,329.281.247,desktop,Android,https://smileguru.com/dental-implants
20250223,1.74E+15,page_view,396.651.589,smartwatch,Android,
20250223,invalid_timestamp,page_view,982.965.350,tablet,iOS,https://smileguru.com/root-canal
20250223,1.74E+15,page_view,613.934.555,desktop,Windows,https://smileguru.com/dental-implants
20250223,1.74E+15,scroll,179.543.540,,Android,https://smileguru.com/root-canal
20250223,1.74E+15,page_view,333.153.569,desktop,iOS,https://smileguru.com
20250223,1.74E+15,,686.435.500,mobile,iOS,
20250223,1.74E+15,scroll,619.722.588,desktop,iOS,https://smileguru.com/about
20250223,1.74E+15,scroll,384.713.187,mobile,iOS,https://smileguru.com/home
,1.74E+15,form_submit,350.125.766,tablet,Android,https://smileguru.com/root-canal
20250223,1.74E+15,click,232.537.963,,iOS,https://smileguru.com/index
20250223,1.74E+15,click,437.826.649,smartwatch,Linux,https://smileguru.com/teeth-whitening
,1.74E+15,,296.694.277,mobile,Linux,https://smileguru.com/about-us
20250223,1.74E+15,click,,mobile,Windows,https://smileguru.com/teeth-whitening
,1.74E+15,click,,tablet,,https://smileguru.com/about-us
20250223,1.74E+15,scroll,864.838.882,tablet,Windows,https://smileguru.com/index
20250223,1.74E+15,page_view,,smartwatch,Android,https://smileguru.com/about-us
20250223,1.74E+15,page_view,655.601.766,tablet,iOS,https://smileguru.com/root-canal
20250223,1.74E+15,scroll,230.188.314,tablet,Windows,https://smileguru.com
20250223,1.74E+15,page_view,763.245.190,tablet,Android,https://smileguru.com/cosmetic-dentistry
20250223,1.74E+15,click,205.460.283,tablet,iOS,https://smileguru.com/orthodontics
20250223,1.74E+15,form_submit,325.811.324,,Android,https://smileguru.com/dental-implants
20250223,1.74E+15,click,938.626.536,tablet,Windows,https://smileguru.com/contact
20250223,1.74E+15,form_submit,,tablet,Android,
20250223,1.74E+15,click,190.333.444,mobile,Android,https://smileguru.com/teeth-whitening
20250223,1.74E+15,form_submit,795.611.634,mobile,iOS,https://smileguru.com/home
20250223,1.74E+15,click,172.226.816,,Windows,https://smileguru.com/dental-implants
20250223,1.74E+15,form_submit,953.693.137,desktop,Android,https://smileguru.com/emergency-dental
20250223,1.74E+15,page_view,804.862.511,mobile,,
,1.74E+15,page_view,531.138.960,smartwatch,Android,https://smileguru.com/home
,1.74E+15,page_view,531.138.960,smartwatch,Android,https://smileguru.com/home
20250223,1.74E+15,click,598.226.389,,,https://smileguru.com/index
20250223,1.74E+15,page_view,299.120.118,mobile,iOS,https://smileguru.com/root-canal
20250223,1.74E+15,page_view,241.972.974,tablet,Android,https://smileguru.com/contact
20250223,1.74E+15,form_submit,665.780.163,smartwatch,iOS,https://smileguru.com/emergency-dental
20250223,1.74E+15,scroll,805.133.940,mobile,iOS,https://smileguru.com/about-us
,1.74E+15,click,671.124.586,tablet,Windows,https://smileguru.com/dental-implants
20250223,1.74E+15,form_submit,988.536.868,desktop,iOS,https://smileguru.com/root-canal
,1.74E+15,form_submit,703.265.407,mobile,Android,https://smileguru.com/cosmetic-dentistry
20250223,1.74E+15,form_submit,612.694.749,desktop,iOS,https://smileguru.com/cosmetic-dentistry
20250223,1.74E+15,form_submit,943.596.190,tablet,iOS,https://smileguru.com/contact
20250223,1.74E+15,form_submit,943.596.190,tablet,iOS,https://smileguru.com/contact
20250223,1.77E+15,scroll,480.866.520,mobile,Windows,https://smileguru.com/emergency-dental
20250223,1.74E+15,form_submit,201.111.412,mobile,Android,https://smileguru.com/contact
20250223,1.74E+15,click,145.226.801,,Windows,https://smileguru.com/index
